playerID,name,pos,height,weight
abdulka01,Kareem Abdul-Jabbar,C,85,225
abdulma02,Mahmoud Abdul-Rauf,G,73,162
abdulza01,Zaid Abdul-Aziz,C-F,81,230
adamsal01,Alvan Adams,C-F,81,210
adamsmi01,Michael Adams,G,70,162
aguirma01,Mark Aguirre,F-G,78,232
aldrila01,LaMarcus Aldridge,F,83,240
alexaco02,Courtney Alexander,G,77,205
allenje01,Jerome Allen,G,76,184
allenma01,Malik Allen,F,82,255
alstora01,Rafer Alston,G,74,171
aminual01,Al-Farouq Aminu,F,81,215
anderch01,Chris Andersen,F-C,82,220
anderri01,Richard Anderson,F-C,82,240
anderwi01,Willie Anderson,G-F,79,190
anthoca01,Carmelo Anthony,F,80,220
arenagi01,Gilbert Arenas,G,75,191
arizipa01,Paul Arizin,F-G,74,190
armstda01,Darrell Armstrong,G,72,169
arnetja01,Jay Arnette,G,74,175
askewvi01,Vincent Askew,G-F,77,210
augmost01,Stacey Augmon,G-F,78,205
aventan01,Anthony Avent,F,81,235
awtrede01,Dennis Awtrey,C,82,235
baglejo01,John Bagley,G,72,185
baileth01,Thurl Bailey,F-C,83,215
barbole01,Leandro Barbosa,G,75,176
barklch01,Charles Barkley,F,77,250
barnema02,Matt Barnes,F,79,235
barreer01,Ernie Barrett,G-F,75,180
barroea01,Earl Barron,C,84,245
barryjo01,Jon Barry,G,76,195
bastoma01,Maceo Baston,F,81,215
battljo01,John Battle,G,74,175
bayloel01,Elgin Baylor,F,77,225
beasljo01,John Beasley,F-C,81,225
bedfowi01,William Bedford,C,84,225
bellra01,Raja Bell,G,77,210
bendejo01,Jonathan Bender,F,83,198
bennewi01,Winston Bennett,F,79,210
berrywa01,Walter Berry,F,80,215
biedran01,Andris Biedrins,F,83,240
birdla01,Larry Bird,F-G,81,220
blabuw01,Uwe Blab,C,85,250
blankla01,Lance Blanks,G,76,190
bledser01,Eric Bledsoe,G,73,195
blounco01,Corie Blount,F,81,240
bobbne01,Nelson Bobb,G,72,170
bogutan01,Andrew Bogut,C,84,245
bondwa01,Walter Bond,G,77,200
booketr01,Trevor Booker,F,80,240
boozeca01,Carlos Boozer,F-C,80,258
bowenry01,Ryan Bowen,F,79,213
boykiea01,Earl Boykins,G,65,133
boynewi01,Winford Boynes,G-F,78,185
bradlch01,Charles Bradley,G,77,215
bradlmi01,Michael Bradley,F,81,225
brancad01,Adrian Branch,F-G,79,185
braunca01,Carl Braun,G-F,77,180
brezepr01,Primoz Brezec,C,85,243
briskjo01,John Brisker,F-G,77,210
brokaga01,Gary Brokaw,G,76,178
brooksc01,Scott Brooks,G,71,165
brownfr01,Fred Brown,G,75,182
brownkw01,Kwame Brown,C-F,83,240
brownri01,Rickey Brown,C-F,82,215
brownti01,Tierre Brown,G,74,189
bryanem01,Emmette Bryant,G,73,175
bryanma01,Mark Bryant,F-C,81,245
budkowa01,Walter Budko,F-C,77,220
burresc01,Scott Burrell,G-F,79,218
butlemi02,Mitchell Butler,G-F,77,210
bytzumi01,Michael Bytzura,F,73,170
caffeja01,Jason Caffey,F,80,255
caldwad01,Adrian Caldwell,F-C,80,255
calvima01,Mack Calvin,G,72,165
campbel01,Elden Campbell,F-C,83,215
cardibr01,Brian Cardinal,F,80,245
carran01,Antoine Carr,F-C,81,225
carrch01,Chris Carr,G,77,207
cartege01,George Carter,F-G,76,210
catlete01,Terry Catledge,F,80,220
causwdu01,Duane Causwell,C,84,240
chandty01,Tyson Chandler,F-C,84,235
chapmre01,Rex Chapman,G,76,185
cheanca01,Calbert Cheaney,F-G,79,209
chievde01,Derrick Chievous,F,79,195
chrisbo01,Bob Christian,C,82,255
cleavma01,Mateen Cleaves,G,74,205
closske01,Keith Closs,C,87,212
colemde01,Derrick Coleman,F,82,230
colemja01,Jack Coleman,F-C,79,195
collija03,Jarron Collins,F,83,252
combsgl01,Glen Combs,G,74,185
connele01,Lester Conner,G,76,180
cookbr01,Brian Cook,F,81,234
coopemi01,Michael Cooper,G-F,77,170
countme01,Mel Counts,C-F,84,230
coxjo01,Johnny Cox,G,76,180
croshau01,Austin Croshere,F,81,235
cummivo01,Vonteego Cummings,G,75,185
curetea01,Earl Cureton,F-C,81,210
dailequ01,Quintin Dailey,G,75,180
dampier01,Erick Dampier,C-F,83,265
daniean01,Antonio Daniels,G,76,195
daniema01,Marquis Daniels,F,78,200
dareyi01,Yinka Dare,C-F,84,265
davisan01,Antonio Davis,F-C,81,215
davisch02,Charles Davis,F,79,215
davisem01,Emanual Davis,G,76,194
davisjo01,Johnny Davis,G,73.5,170
davisma02,Mark Davis,G-F,79,205
daviste01,Terry Davis,F-C,81,225
daviswa03,Walter Davis,G-F,78,193
dawkijo01,Johnny Dawkins,G,74,165
dayto01,Todd Day,G-F,78,184
deesar01,Archie Dees,F-C,80,205
delfica01,Carlos Delfino,G-F,78,230
dempsge01,George Dempsey,G,74,190
deprejo01,Joe DePre,G,75,185
dickede01,Derrek Dickey,F,79,218
dienetr01,Travis Diener,G,73,175
dischte01,Terry Dischinger,F-G,79,189
dixonju01,Juan Dixon,G,75,164
donalja01,James Donaldson,C,86,275
doubyqu01,Quincy Douby,G,75,175
douglsh01,Sherman Douglas,G,72,180
drewjo01,John Drew,F-G,78,205
drexlcl01,Clyde Drexler,G-F,79,210
duckwke01,Kevin Duckworth,C,83,275
duerote01,Terry Duerod,G,74,180
dukeswa01,Walter Dukes,C,84,220
dumasri02,Richard Dumas,F,79,200
duprero01,Ronald Dupree,F,79,209
eacklle01,Ledell Eackles,G-F,77,215
eatonma01,Mark Eaton,C,87,275
edneyty01,Tyus Edney,G,70,152
edwarja01,James Edwards,C-F,84,225
eisleho01,Howard Eisley,G,74,177
eliema01,Mario Elie,G-F,77,205
ellisda01,Dale Ellis,G-F,79,205
ellisla01,LaPhonso Ellis,F,80,240
ellismo01,Monta Ellis,G,75,175
elsonfr01,Francisco Elson,C,83,230
embrywa01,Wayne Embry,C-F,80,240
engluge01,Gene Englund,F-C,76.5,205
ervinju01,Julius Erving,F-G-C,78,200
evansbr01,Brian Evans,F,80,220
ewingda01,Daniel Ewing,G,75,185
faircjo01,John Fairchild,F,79.5,205
favorde01,Derrick Favors,F,82,246
feitlda01,Dave Feitl,C,83,235
fernser01,Eric Fernsten,C-F,81,205
fieldla01,Landry Fields,G-F,79,210
finlemi01,Michael Finley,G-F,79,215
flemive01,Vern Fleming,G,77,180
fordph01,Phil Ford,G,73.5,170
fostefr01,Fred Foster,F,77,210
foylead01,Adonal Foyle,C-F,82,250
francst01,Steve Francis,G,75,193
fredean01,Anthony Frederick,F,79,205
fryech01,Channing Frye,C,83,248
fulleto02,Todd Fuller,F-C,83,255
furlote01,Terry Furlow,G-F,76,190
gallida01,Danilo Gallinari,F,82,225
garcifr01,Francisco Garcia,G-F,79,195
garlawi01,Winston Garland,G,74,170
garreca01,Calvin Garrett,F,79,190
garrero01,Rowland Garrett,F,78,210
gayru01,Rudy Gay,F,81,220
georgde01,Devean George,G-F,80,220
georgta01,Tate George,G,77,190
gianejo01,John Gianelli,C-F,82,220
gibsoda01,Daniel Gibson,G,74,190
gilled01,Eddie Gill,G,72,190
gilmoar01,Artis Gilmore,C,86,240
givenja01,Jack Givens,F-G,77,205
glassge01,Gerald Glass,G-F,77,221
goldwan01,Anthony Goldwire,G,73,175
gondrgl01,Glen Gondrezick,F-G,78,218
gordola01,Lancaster Gordon,G,75,185
grahajo01,Joey Graham,F,79,225
grahast01,Stephen Graham,G,78,215
grangda01,Danny Granger,F,80,225
grantga01,Gary Grant,G,75,185
grantho01,Horace Grant,F-C,82,215
grayle01,Leonard Gray,F,80,240
greenac01,A.C. Green,F-C,81,220
greenge01,Gerald Green,F,80,200
greenli01,Litterial Green,G,73,185
greenri01,Rickey Green,G,72,170
greenwi01,Willie Green,G,76,200
greveke01,Kevin Grevey,G-F,77,205
griffda01,Darrell Griffith,G,76,190
griffpa01,Paul Griffin,F-C,81,205
haleyja01,Jack Haley,C-F,82,240
hamda01,Darvin Ham,F,79,220
hamilde01,Dennis Hamilton,F,80,210
hamilri01,Richard Hamilton,G-F,78,185
hammoju01,Julian Hammond,F,77,205
hancoda01,Darrin Hancock,G-F,79,205
hardaan01,Anfernee Hardaway,G-F,79,195
hargeir01,Ira Harge,C,81,225
harpede01,Derek Harper,G,76,185
harride01,Devin Harris,G,75,185
harriot01,Othella Harrington,F-C,81,235
harvean01,Antonio Harvey,F-C,83,225
haskicl01,Clem Haskins,G,74,195
hassetr01,Trenton Hassell,G,74,200
havlijo01,John Havlicek,F-G,77,203
hawkiro01,Robert Hawkins,G,76,190
hayesel01,Elvin Hayes,F-C,81,235
haywago01,Gordon Hayward,F,80,207
haywosp01,Spencer Haywood,F-C,80,225
heardga01,Garfield Heard,F,78,215
hendece02,Cedric Henderson,F,79,215
herreca01,Carl Herrera,F,81,215
hetzefr01,Fred Hetzel,F-C,80,220
highjo01,Johnny High,G,75,185
hillar01,Armond Hill,G,76,190
hillmda01,Darnell Hillman,F-C,81,215
hillty01,Tyrone Hill,C-F,81,240
hinsoro01,Roy Hinson,F-C,81,210
hodgedo01,Donald Hodge,C,84,230
hollawi01,Wilbur Holland,G,72,175
holliry01,Ryan Hollins,C,84,230
hopsode01,Dennis Hopson,G-F,77,195
horryro01,Robert Horry,F,81,220
houstby01,Byron Houston,F,77,250
howarju01,Juwan Howard,F-C,81,240
howelba01,Bailey Howell,F,79,210
hugheki01,Kim Hughes,C,83,220
hummejo01,John Hummer,F-C,81,225
hunteli01,Lindsey Hunter,G,74,170
iguodan01,Andre Iguodala,F,78,207
ilyaser01,Ersan Ilyasova,F,81,235
irvinge01,George Irvine,F-G,78,200
iveyro01,Royal Ivey,G,75,200
jackja01,Jarrett Jack,G,75,202
jacksja01,Jaren Jackson,G-F,76,190
jacksma01,Mark Jackson,G,73,180
jacksto01,Tony Jackson,F-G,76,200
jacobca01,Casey Jacobsen,G-F,77,215
jameshe01,Henry James,F,80,220
jamesle01,LeBron James,F,80,240
janisjo01,John Janisch,F-G,75,200
jasiksa01,Sarunas Jasikevicius,G,76,195
jeffeal01,Al Jefferson,F,82,256
jeffrja01,Jared Jeffries,F,81,215
jerebjo01,Jonas Jerebko,F,83,231
johnsam01,Amir Johnson,F,81,210
johnsav01,Avery Johnson,G,70,175
johnscl01,Clemon Johnson,C-F,82,240
johnsde03,DerMarr Johnson,G-F,81,201
johnser02,Ervin Johnson,C,83,245
johnsge02,George Johnson,C-F,83,205
johnsjo01,John Johnson,F,79,200
johnske02,Kevin Johnson,G,73,180
johnsli01,Linton Johnson,F,80,205
johnsma02,Earvin Johnson,G-F,80,215
johnsol01,Ollie Johnson,F,78,200
jonesan01,Anthony Jones,G-F,78,195
jonesch01,Charles Jones,F-C,81,215
jonesda01,Damon Jones,G,75,185
jonesdw01,Dwight Jones,F-C,82,210
jonesed02,Eddie Jones,F-G,78,190
jonesju01,Jumaine Jones,F-C,80,218
jonesma01,Major Jones,F,81,225
joneswa02,Wali Jones,G,74,180
jorgeno01,Noble Jorgensen,C,81,228
kaftage01,George Kaftan,F,75,190
kaponja01,Jason Kapono,F,80,213
katkale01,Leo Katkaveck,G,72,185
keefead01,Adam Keefe,F,81,230
kellocl01,Clark Kellogg,F,79,225
kempsh01,Shawn Kemp,F-C,82,230
kerseje01,Jerome Kersey,F,79,215
keyeju01,Julius Keye,F-C,82,200
khryavi01,Viktor Khryapa,F,81,210
kingal01,Albert King,F-G,78,190
kingge01,George King,G,72,175
kinseta01,Tarence Kinsey,G,78,189
kittlke01,Kerry Kittles,G,77,179
klierle01,Leo Klier,F-G,73,170
knighbr01,Brevin Knight,G,70,170
knighto01,Toby Knight,F,81,210
kofoeba01,Bart Kofoed,G-F,76,210
koncajo01,Jon Koncak,C-F,84,250
kramejo01,Joel Kramer,F-C,79,203
krystla01,Larry Krystkowiak,F-C,81,220
kudelfr01,Frank Kudelka,G-F,74,193
kukocto01,Toni Kukoc,G-F,82,192
lacoufr01,Fred LaCour,G-F,77,195
laettch01,Christian Laettner,F-C,83,235
lambejo01,John Lambert,C-F,82,225
laneje01,Jerome Lane,F,78,230
langan02,Antonio Lang,F-G,80,205
laskojo01,John Laskowski,G,77,185
leckner01,Eric Leckner,C-F,83,265
leeda02,David Lee,F,81,249
leeke01,Keith Lee,F-C,82,215
lenarvo01,Voshon Lenard,G,76,205
lestero01,Ronnie Lester,G,74,175
lewisgr01,Grady Lewis,F-C,79,215
lewisra02,Rashard Lewis,F,82,215
lichtto01,Todd Lichti,G-F,76,205
livinra01,Randy Livingston,G,76,209
lloydea01,Earl Lloyd,F-C,77,200
lloydsc01,Scott Lloyd,C-F,82,230
loganhe01,Henry Logan,G,72,180
lohaubr01,Brad Lohaus,C-F,83,230
longjo01,John Long,G-F,77,195
loughke01,Kevin Loughery,G,75,190
lowesi01,Sidney Lowe,G,72,195
lucasje01,Jerry Lucas,F-C,80,230
lucasjo02,John Lucas,G,71,165
luety01,Tyronn Lue,G,72,175
maccuto01,Todd MacCulloch,C,84,255
maconma01,Mark Macon,G,76,185
maddoja01,Jack Maddox,F-G,74.5,185
maggeco01,Corey Maggette,F-G,78,218
mahnkjo01,John Mahnken,C,80,220
malonmo01,Moses Malone,C-F,82,215
mannipa01,Pace Mannion,G,79,190
mariosh01,Shawn Marion,F,79,215
marshdo01,Donyell Marshall,F,81,218
martida01,Darrick Martin,G,71,170
martike02,Kevin Martin,G,79,185
martisl01,Slater Martin,G,70,170
masonan01,Anthony Mason,F,79,250
masonro01,Roger Mason,G,76,199
maxieja01,Jason Maxiell,F,79,260
maxweve01,Vernon Maxwell,G,76,180
mayse01,Sean May,F,81,266
mbengdj01,Didier Ilunga-Mbenga,C,84,245
mccaran01,Andre McCarter,G,75,190
mccarwi01,Willie McCarter,G,75,170
mccloge01,George McCloud,G-F,78,205
mccraro01,Rodney McCray,F-G,79,220
mcdongl01,Glenn McDonald,F-G,78,190
mcdyean01,Antonio McDyess,F-C,81,220
mcginge01,George McGinnis,F-C,80,235
mcgratr01,Tracy McGrady,G-F,80,210
mcharma01,Maurice McHartley,G-F,75,185
mckeyde01,Derrick McKey,F-C,81,205
mckinho01,Horace McKinney,F-C,78,185
mcleoke01,Keith McLeod,G,74,190
mcmilsh01,Shellie McMillon,F,77,205
mcneila01,Larry McNeill,F-C,81,195
meelycl01,Cliff Meely,F-C,80,215
meminde01,Dean Meminger,G,72,175
meriwjo01,Joe Meriweather,C-F,82,215
mikange01,George Mikan,C,82,230
milicda01,Darko Milicic,F-C,84,245
millean02,Andre Miller,G,74,200
milleol01,Oliver Miller,C-F,81,280
millste01,Terry Mills,F,82,230
minnidi01,Dirk Minniefield,G,75,180
moblecu01,Cuttino Mobley,G,76,190
mogusle01,Leo Mogus,F-C,76,190
moisoje01,Jerome Moiso,F,82,232
moncrsi01,Sidney Moncrief,G,75,180
montrer01,Eric Montross,C,84,270
mooreot01,Otto Moore,C-F,83,205
morriad01,Adam Morrison,F,80,205
mortojo01,John Morton,G,75,180
motenla01,Lawrence Moten,G,76,185
mournal01,Alonzo Mourning,C,82,240
murdoer01,Eric Murdock,G,73,190
murphca01,Calvin Murphy,G,69,165
murphtr01,Troy Murphy,F,83,245
murraro01,Ronald Murray,G,76,190
murredo01,Dorie Murrey,F-C,80,215
musian01,Angelo Musi,G,69,145
nailole01,Lee Nailon,F,80,234
nancela01,Larry Nance,F-C,82,205
nattca01,Calvin Natt,F,78,220
nealll01,Lloyd Neal,C-F,79,225
nesbyty01,Tyrone Nesby,F,78,225
neumapa01,Paul Neumann,G,73,175
newblir01,Ira Newble,F,79,220
nimphku01,Kurt Nimphius,C-F,82,218
norriau01,Audie Norris,C,81,230
nostrge01,George Nostrand,C-F,80,195
oaklech01,Charles Oakley,F-C,80,225
obriera01,Ralph OBrien,G,69,160
okurme01,Mehmet Okur,C-F,83,249
olberma01,Mark Olberding,F,80,225
oldhajo01,John Oldham,G,75,175
olivebr01,Brian Oliver,G,76,210
olowomi01,Michael Olowokandi,C,84,269
onealsh01,Shaquille ONeal,C,85,300
orrlo01,Louis Orr,F,80,175
outlatr01,Travis Outlaw,F,81,210
packro01,Robert Pack,G,74,180
padgesc01,Scott Padgett,F,81,240
pargoja01,Jannero Pargo,G,74,170
parkean01,Anthony Parker,G,76,215
parksch02,Cherokee Parks,C-F,83,230
pattepa01,Patrick Patterson,F,81,235
paxsojo01,John Paxson,G,74,185
peelean01,Anthony Peeler,G,76,208
pekovni01,Nikola Pekovic,F,83,243
perkiwa01,Warren Perkins,G-F,75,190
perryel01,Elliot Perry,G,72,150
persoch01,Chuck Person,F,80,220
petermo01,Morris Peterson,G-F,79,215
petrojo01,Johan Petro,C,84,247
phillbo01,Bobby Phills,G,77,210
piatker01,Eric Piatkowski,G-F,79,215
piercri01,Ricky Pierce,F-G,76,205
pippesc01,Scottie Pippen,F-G,79,210
plummga01,Gary Plummer,F-C,81,215
polynol01,Olden Polynice,C-F,83,220
popema01,Mark Pope,F,82,235
porteke01,Kevin Porter,G,72,170
poseyja01,James Posey,G-F,79,215
powele01,Leon Powe,F,80,240
presspa01,Paul Pressey,G-F,77,185
princta01,Tayshaun Prince,F-G,81,215
quinnbr01,Brian Quinnett,F,80,235
radmavl01,Vladimir Radmanovic,F,82,227
randama01,Mark Randall,F,79,230
rasmubl01,Blair Rasmussen,C,84,250
raycl01,Clifford Ray,C,81,230
raymocr01,Craig Raymond,C,83,235
recasel01,Eldridge Recasner,G,75,190
reedju01,Justin Reed,F,80,240
reevebr01,Bryant Reeves,C,84,275
reiddo01,Don Reid,F,80,250
respesh01,Shawn Respert,G,73,195
reynoje01,Jerry Reynolds,G-F,80,198
ricegl01,Glen Rice,F-G,79,214
richaja01,Jason Richardson,G-F,78,220
rideris01,Isaiah Rider,G-F,77,215
riverda01,David Rivers,G,72,170
roberan01,Anthony Roberts,F-G,77,185
roberri01,Rick Roberson,C-F,81,230
robinbe01,Bernard Robinson,G-F,78,210
robinda01,David Robinson,C,85,235
robingl01,Glenn Robinson,F,79,225
robinru01,Rumeal Robinson,G,74,195
rodgegu01,Guy Rodgers,G,72,185
rogerca01,Carlos Rogers,C-F,82,220
rogerro02,Roy Rogers,F,82,235
rondora01,Rajon Rondo,F,73,171
roseja01,Jalen Rose,G,80,210
rossqu01,Quinton Ross,G,78,193
rowecu01,Curtis Rowe,F,79,225
roybr01,Brandon Roy,G,78,215
rudomjo01,John Rudometkin,F,78,205
ruffitr01,Trevor Ruffin,G,73,185
rushbr01,Brandon Rush,G,78,210
russebr01,Bryon Russell,F,79,225
russewa01,Walker Russell,G,77,195
salmojo01,John Salmons,G-F,78,210
sandela01,Larry Sanders,F,83,235
schindw01,Dwayne Schintzius,C,85,260
schrede01,Detlef Schrempf,F-C,81,214
scottal01,Alvin Scott,F-G,79,185
scottde01,Dennis Scott,G-F,80,229
scurrca01,Carey Scurry,F,79,188
sealyma01,Malik Sealy,F-G,80,190
seikaro01,Rony Seikaly,C,83,230
serapke01,Kevin Seraphin,F,81,275
seymopa01,Paul Seymour,G-F,73,180
shaffle01,Lee Shaffer,F,79,215
shaskjo01,John Shasky,C,83,235
sheltlo01,Lonnie Shelton,F-C,80,240
shortpu01,Purvis Short,F-G,79,210
sichtje01,Jerry Sichting,G,73,168
sikmaja01,Jack Sikma,C-F,83,230
silaspa01,Paul Silas,F-C,79,215
simmoli01,Lionel Simmons,F-G,79,210
singlja01,James Singleton,F,80,215
skinnbr01,Brian Skinner,F-C,81,255
smithad01,Adrian Smith,G,73,180
smithch03,Chris Smith,G,75,190
smithcr01,Craig Smith,F,79,250
smithel01,Elmore Smith,C,84,250
smithjo01,John Smith,C,84,235
smithla02,LaBradford Smith,G,75,200
smithmi02,Michael Smith,F,80,230
smithro01,Robert Smith,G,71,165
smitsri01,Rik Smits,C,88,250
snydeki01,Kirk Snyder,G,78,225
sojoumi01,Mike Sojourner,C-F,81,225
sparrgu01,Guy Sparrow,F,78,218
spencel01,Elmore Spencer,C,84,270
sprewla01,Latrell Sprewell,G,77,190
stackje01,Jerry Stackhouse,G-F,78,218
stanste01,Terence Stansbury,G,77,170
stavela01,Larry Staverman,F,79,205
stepavl01,Vladimir Stepania,C,84,236
stewala01,Larry Stewart,F,80,220
stithbr01,Bryant Stith,G,77,208
stokema01,Maurice Stokes,F-C,79,232
stoudda01,Damon Stoudamire,G,70,171
stricma01,Mark Strickland,F,81,210
sundedo01,Don Sunderlage,G,73,180
sundvjo01,Jon Sundvold,G,74,170
tabakza01,Zan Tabak,C,84,245
tartle01,Levern Tart,G-F,74,195
tayloma01,Maurice Taylor,F,81,260
telfase01,Sebastian Telfair,G,72,165
terrycl01,Claude Terry,G-F,76,195
theusre01,Reggie Theus,G,78,190
thomais01,Isiah Thomas,G,73,180
thomaku01,Kurt Thomas,F,81,230
thompbe01,Bernard Thompson,F-G,78,207
thompda01,David Thompson,G-F,76,195
thompla01,LaSalle Thompson,C-F,82,245
thomppa01,Paul Thompson,G-F,78,210
threase01,Sedale Threatt,G,74,175
tinslge01,George Tinsley,F,77,205
tisdawa01,Wayman Tisdale,F-C,80,240
toneyse01,Sedric Toney,G,74,178
townsra01,Raymond Townsend,G,75,175
trappjo01,John Trapp,F,79,210
trentga01,Gary Trent,F,80,250
tschojo01,John Tschogl,F,78,206
turiaro01,Ronny Turiaf,F,82,249
turneel01,Elston Turner,G-F,77,190
twardda01,Dave Twardzik,G,73,175
udokaim01,Ime Udoka,G-F,78,215
upshake01,Kelvin Upshaw,G,74,180
vallejo01,John Vallely,G,75,180
vanhoke01,Keith Van Horn,F,81,220
vaughja01,Jacque Vaughn,G,72,190
villach01,Charlie Villanueva,F,83,240
volkefl01,Floyd Volker,F-C,76,205
wadedw01,Dwyane Wade,G,76,210
waitegr01,Granville Waiters,C,83,225
walkebr01,Brady Walker,F-C,78,205
walkesa01,Samaki Walker,F,81,240
wallabe01,Ben Wallace,F,81,240
wallajo01,John Wallace,F,80,225
waltere01,Rex Walters,G,76,190
waltoll01,Lloyd Walton,G,72,160
wardch01,Charlie Ward,G,74,190
warrejo01,John Warren,G-F,75,180
warriha01,Hakim Warrick,F,81,219
washike01,Kermit Washington,F-C,80,230
washiwi01,Wilson Washington,F-C,81,227
watsoja01,Jamie Watson,F,79,190
weathni01,Nick Weatherspoon,F,79,195
webstma02,Martell Webster,F-G,79,210
welscji01,Jiri Welsch,G,79,208
westda01,David West,F,81,240
westje01,Jerry West,G-F,74,175
westppa01,Paul Westphal,G,76,192
whatlen01,Ennis Whatley,G,75,175
whiteje01,Jerome Whitehead,C-F,82,220
whitero01,Rory White,F,80,210
wickssi01,Sidney Wicks,F-C,80,225
wiggimi01,Mitchell Wiggins,G,76,185
wileymo01,Morlon Wiley,G,76,185
wilkeja02,James Wilkes,F,79,195
wilkige01,Gerald Wilkins,G-F,78,185
willial02,Alvin Williams,G,77,185
willico02,Corliss Williamson,F,79,245
willier01,Eric Williams,F,80,220
willigu01,Gus Williams,G,74,175
willija02,Jason Williams,G,73,190
willijo01,John Williamson,G,74,185
willike01,Kevin Williams,G,74,175
willilo01,Lorenzo Williams,F-C,81,200
willima01,Maurice Williams,G,73,185
willima03,Marcus Williams,G,75,205
willisc01,Scott Williams,C-F,82,230
willish02,Shelden Williams,F,81,250
wilsoge01,George Wilson,C,80,215
winchke01,Kennard Winchester,G-F,77,210
wingfdo01,Dontonio Wingfield,F,80,256
wintebr01,Brian Winters,G-F,76,185
wittmra01,Randy Wittman,G-F,78,210
woodslo01,Loren Woods,C,85,245
woolror01,Orlando Woolridge,F,81,215
worthja01,James Worthy,F,81,225
wrighdo01,Dorell Wright,F,79,210
wrighlo02,Lorenzen Wright,F-C,83,225
wuycide01,Dennis Wuycik,F,77,204
youngda01,Danny Young,G,75,175
abdursh01,Julius Abdur-Rahim,F,81,225
adamsdo01,Donald Adams,F,78,210
aingeda01,Daniel Ainge,G-F,76,175
allenra02,Walter Allen,G,77,205
anderan01,Andrew Anderson,G,74,184
andergr01,Gregory Anderson,F-C,82,230
anderke01,Kenneth Anderson,G,72,168
anderro01,Ronald Anderson,F-G,79,215
anthogr01,Gregory Anthony,G,72,176
ardji01,Jimmie Ard,F-C,80,215
armstcu01,Paul Armstrong,G-F,71,170
atkinch01,Kenneth Atkins,G,71,160
averibi01,William Averitt,G,73,170
bailegu01,Augustus Bailey,G-F,77,185
ballagr01,Gregory Ballard,F,79,215
banksma01,Arthur Banks,G,74,200
bantomi01,Michael Bantom,F-C,81,200
barksdo01,Donald Barksdale,F-C,78,200
barneji01,Velvet Barnes,C-F,80,210
barremi01,Michael Barrett,G,74,155
barryri01,Richard Barry,F,79,205
batesbi01,Billy Bates,G,76,210
battlke01,Kenneth Battle,F,78,210
beardbu01,Alfred Beard,G,75,185
beckby01,A. Beck,C-F,81,225
becker01,Ernest Beck,G-F,76,190
beendha01,Henry Beenders,C-F,77.5,185
bellawa01,Walter Bellamy,C,82.5,225
bemorir01,Irving Bemoras,F-G,75,185
benneme01,Melvin Bennett,F,79,200
bensoke01,Michael Benson,C,82,235
bibbyhe01,Charles Bibby,G,73,185
bingda01,David Bing,G,75,180
blakest01,Steven Blake,G,75,172
bockhbu01,Arlen Bockhorn,G,76,200
boguemu01,Tyrone Bogues,G,63,136
bonnema01,Matthew Bonner,F,82,240
boonero01,Ronald Boone,G-F,74,200
borylvi01,Vincent Boryla,F,76.5,210
bosweto01,Tommy Boswell,F-C,79,220
bowdlca01,James Bowdler,F,82,245
bowiesa01,Samuel Bowie,C-F,85,235
boydfr01,Fred Boyd,G,74,180
bradlbi01,William Bradley,F-G,77,205
bratzmi01,Michael Bratz,G,74,185
bremejr01,Ernest Bremer,G,73,185
breweji01,James Brewer,F-C,81,210
brickfr01,Francis Brickowski,F-C,81,240
bridgju01,Ulysses Bridgeman,F-G,77,210
brookmi01,Michael Brooks,F,79,220
brownbo01,Robert Brown,F,76,205
brownde01,DeCovan Brown,G,73,160
brownla01,Lawrence Brown,G,69,160
brownpj01,Collier Brown,C-F,83,225
brownro02,Walter Brown,C,83,225
bryanjo01,Joseph Bryant,F-C-G,81,185
bucknqu01,William Buckner,G,75,190
buechju01,Judson Buechler,F-G,78,220
buncela01,Lawrence Bunce,C,84,240
burdeti01,Luther Burden,G,74,185
burleto01,Tommy Burleson,C,86,225
burttst01,Steven Burtt,G,74,185
butchdo01,Donnis Butcher,G,74,200
butleca01,James Butler,F,79,217
bynumwi01,William Bynum,G,72,185
byrneto01,Thomas Byrnes,F-G,75,175
calabge01,Gerald Calabrese,G,73,175
calhobi01,William Calhoun,F-G,75,180
calveer01,Ernest Calverley,G,70,145
cannola01,Lawrence Cannon,G,76,195
carpebo01,Robert Carpenter,F-C,77,200
carrke01,Kenneth Carr,F,79,220
carrojo01,Joe Carroll,C-F,82,225
cartebu01,Clarence Carter,G,77,180
cartere01,Reginald Carter,G,75,169
cartwbi01,James Cartwright,C,85,230
cervial01,Alfred Cervi,G-F,71,170
chambto01,Thomas Chambers,F-C,81,220
chanedo01,Donald Chaney,G,77,210
charlke01,Kenneth Charles,G,75,180
chilcpe01,Peter Chilcutt,F-C,82,230
choneji01,James Chones,C-F,83,220
chubist01,Stephen Chubin,G,74,200
claxtsp01,Craig Claxton,G,71,166
clemeba01,John Clemens,F,78,210
colembe01,Benjamin Coleman,F,81,235
collido01,Paul Collins,G-F,78,180
collima01,Maurice Collins,G,78,220
coltest01,R. Colter,G,75,165
conlege01,Donald Conley,C-F,80,215
conloma01,Martin Conlon,F-C,82,224
cookje01,Jeffrey Cook,F-C,82,215
coopewa01,Artis Cooper,C-F,82,220
corzida01,David Corzine,C,83,240
cottoja01,John Cotton,F-C,79,200
cowenda01,David Cowens,C-F,80.5,225
crawfja01,Aaron Crawford,G,77,175
crockdi01,James Crocker,F-G,76,205
crosspe01,Peter Cross,C-F,81,228
cummipa01,Patrick Cummings,F-C,81,230
cunnibi01,William Cunningham,F-C,77,195
currafr01,Francis Curran,G,72,165
dallmho01,Howard Dallmar,F,76,200
danieme01,Melvin Daniels,C,81,220
daughbr01,Bradley Daugherty,C,83,245
davisbr01,Bradley Davis,G,75,180
davisda01,Elliott Davis,F,81,230
davisgl01,Ronald Davis,F,81,289
davisme01,Melvyn Davis,F,78,220
davismi02,Edward Davis,F-G,79,195
daviswa01,Walter Davis,C-F,80,205
deherte01,Lennox Dehere,G,76,190
demicla01,Lawrence Demic,F-C,81,225
derliro01,Rodney Derline,G,72,175
dickada01,Daniel Dickau,G,72,190
digreer01,Ernest DiGregorio,G,72,180
dioguik01,Ikechukwa Diogu,F,80,250
donhabo01,Robert Donham,G-F,74,190
dreilgr01,Gregory Dreiling,C,85,250
dudlech02,Christen Dudley,C,83,235
duncati01,Timothy Duncan,C-F,82,248
dunlemi02,Michael Dunleavy,G-F,81,221
durreke01,Kenneth Durrett,F,79,190
eakinji01,James Eakins,C,83,215
eddledi01,Thomas Eddleman,F-G,74.5,189
edwarbl01,Theodore Edwards,G-F,76,200
ehlocr01,Joel Ehlo,G-F,78,180
ellisbo01,Alexander Ellis,F,77,185
ellisjo01,Joseph Ellis,F-G,78,175
englech01,Christopher Engler,C,83,245
englial01,Alexander English,F,79,190
evansre01,Reginald Evans,F-C,80,245
farmeji01,James Farmer,G,76,190
farmeto01,Anthony Farmer,F,81,225
felixra01,Raymond Felix,C,83,220
ferraal01,Albert Ferrari,G-F,76,190
ferrybo01,Robert Ferry,C-F,80,230
fieldke01,Kenneth Fields,F-G,77,220
fizerma01,Darnell Fizer,F,80,260
flemied01,Edward Fleming,G-F,75,189
flynnmi01,Michael Flynn,G,74,180
forddo01,Donald Ford,F,80.5,215
fortsda01,Daniel Fortson,F,79,260
fosteje01,Jeffrey Foster,F-C,83,230
foustla01,Lawrence Foust,C-F,81,215
foxri01,Ulrich Fox,G-F,78,230
franzro01,Ronald Franz,F,79,205
fraziwi01,Wilbert Frazier,C-F,79,210
fulksjo01,Joseph Fulks,F-C,77,190
gadzuda01,Daniel Gadzuric,C,83,240
gambeda01,David Gambee,F,78,215
garmadi01,Richard Garmaker,G-F,75,200
garredi01,Eldo Garrett,G,75,185
garrito01,Thomas Garrick,G,74,185
gattike01,Kenneth Gattison,F-C,80,225
geigema01,Matthew Geiger,C,84,243
gerargu01,Daniel Gerard,F-G,80,200
gilliar01,Armen Gilliam,F-C,81,230
glovedi01,Micaiah Glover,G,77,220
golato01,Thomas Gola,G-F,78,205
gordobe01,Benjamin Gordon,G,75,200
grahagr01,Gregory Graham,G,76,174
grayeje01,Jeffrey Grayer,F-G,76,200
greenmi01,Michael Green,C-F,82,200
greenst01,Steven Green,F,79,220
grossbo01,Robert Gross,F-G,78,200
guarige01,Eugene Guarilia,F,77,220
gueriri01,Richard Guerin,G,76,195
guokaal01,Albert Guokas,F-G,77,200
hadnoji01,James Hadnot,C-F,82,235
hairsha01,Harold Hairston,F,79,225
halbrsw01,Harvey Halbrook,C,87,230
hamiljo01,James Hamilton,G,70,160
hansebo01,Robert Hansen,G,78,190
hardati01,Timothy Hardaway,G,72,175
hardnch01,Charles Hardnett,F-C,80,220
harpero01,Ronald Harper,G-F,78,185
harrial01,Albert Harrington,F,81,230
harribo01,Robert Harris,F-C,79,185
harriju01,Lorinza Harrington,G,76,180
hassebi01,William Hassett,G,70.5,180
hattove01,Walter Hatton,G,75,193
hawkico01,Cornelius Hawkins,F-C,80,201
hawkito01,Thomas Hawkins,F,77,210
hayesst01,Steven Hayes,C,84,205
hemridi01,Ned Hemric,F,77,220
hendeto01,Thomas Henderson,G,75,190
hensost01,Steven Henson,G,71,177
hertzso01,Sidney Hertzberg,G,70,175
heymaar01,Arthur Heyman,F-G,77,205
higgske01,Kenneth Higgs,G,72,180
hoibefr01,Fredrick Hoiberg,G,76,203
holstji01,James Holstein,F-G,74,180
holzmre01,William Holzman,G,70,175
hopkibo01,Robert Hopkins,C-F,80,205
hornaje01,Jeffrey Hornacek,G,75,190
hoskebi01,Wilmer Hosket,F-C,79.5,225
houseed01,Edward House,G,72,176
hubbaph01,Philip Hubbard,F-C,80,215
humphja01,John Humphries,G,75,185
huntele01,Leslie Hunter,F-C,79,210
hustoge01,Geoffrey Huston,G,74,172
huttojo01,Joseph Hutton,G,73,170
inniger01,Ervin Inniger,G,76,190
iuzzomi01,Michael Iuzzolino,G,70,172
jackslu01,Lucious Jackson,F-C,81,240
jacksmi01,Michael Jackson,F,79,215
jamesmi01,Michael James,G,74,188
jeannbu01,Harry Jeannette,G,71,175
johnsar01,Arnitz Johnson,F-C,77,236
johnsed02,Edward Johnson,G,74,175
johnsfr01,Franklin Johnson,G,73,185
johnsne01,Donald Johnston,C,80,210
johnsre01,Reginald Johnson,F-C,81,205
johnsst01,Stewart Johnson,F-C,80,215
johnsvi01,Vincent Johnson,G,74,200
jonesbo01,Robert Jones,F,81,210
jonesfr01,Frederick Jones,G,74,210
jonesla01,Walter Jones,G-F,74,180
jonespo01,Ronald Jones,F,80,243
jonessa01,Samuel Jones,G-F,76,198
joneswa01,Wallace Jones,F,76,205
joneswi02,Wilbert Jones,F,80,205
jordare01,Reginald Jordan,G,76,190
judkije01,Jeffrey Judkins,G-F,78,185
kamanch01,Christopher Kaman,C,84,255
kellebi01,William Keller,G,70,177
kelsegr01,Gregory Kelser,F,79,190
kennego01,Eugene Kennedy,F-C,77,205
kenvibi01,William Kenville,G-F,74,187
kerrst01,Stephen Kerr,G,75,175
kimblbo01,Gregory Kimble,G-F,76,190
kingji01,James King,G,74,175
kingre01,Reginald King,F,78,225
kinnebo01,Robert Kinney,C-F,78,215
kitegr01,Gregory Kite,C,83,250
knighbi01,William Knight,G-F,78,195
knorele01,Leonard Knorek,C,79,215
kopicjo01,Joseph Kopicki,F,81,240
kramest01,Steven Kramer,G-F,77,200
kuberst01,Stephen Kuberski,F-C,80,215
kupeccj01,Charles Kupec,F-C,78,220
lagarto01,Thomas LaGarde,C-F,82,220
lamarbo01,Dwight Lamar,G,73,170
langhda01,Daniel Langhi,F,83,220
lantzst01,Stuart Lantz,G,75,175
lattida01,David Lattin,F-C,78,225
lavoybo01,Robert Lavoy,F-C,79,185
leaksma01,Emanuel Leaks,C-F,80,225
leero01,Ronald Lee,G,75.5,193
leonasl01,William Leonard,G,75,185
leverfa01,Lafayette Lever,G,75,170
lewisbo01,Robert Lewis,G,75,173
lewisfr02,Frederick Lewis,G,72,175
lewisre01,Reginald Lewis,G-F,79,195
littlge01,Eugene Littles,G,72,160
lloydbo01,Robert Lloyd,G,73.5,184
longllu01,Lucien Longley,C,86,260
loscuji01,James Loscutoff,F,77,220
lovest01,Stanley Love,F,81,215
lumppra01,Raymond Lumpp,G,73,178
macklru01,Durand Macklin,F-G,79,205
mackol01,Oliver Mack,G,75,185
mahafra01,Randolph Mahaffey,F,79,202
majerda01,Daniel Majerle,G-F,78,215
malonma01,Matthew Maloney,G,75,192
mantini01,Nicholas Mantis,G,75,190
marcisa01,Raimondas Marciulionis,G,77,200
marshto01,John Marshall,F-G,76,215
martije01,Jeffery Martin,G,77,195
matthwe01,Wesley Matthews,G,73,170
maydo01,Donald May,F,76,200
mcadobo01,Robert McAdoo,C-F,81,210
mccarjo01,John McCarthy,G,73,185
mccorti01,Timothy McCormick,C,83,240
mcdonbe01,Benjamin McDonald,F,80,210
mcfarpa01,Patrick McFarland,F-G,77,185
mcguial01,Alfred McGuire,G-F,74,180
mcilvji01,James McIlvaine,C,85,240
mcintke01,Kennedy McIntosh,F,79,225
mckinbi01,William McKinney,G,72,160
mcmilji01,James McMillian,F,77,215
mcmilto01,Charles McMillen,F-C,83,210
mcneibo01,Robert McNeill,G,73,170
meinedo01,Donald Meineke,F-C,79,208
mencech01,Charles Mencel,G,71,168
meschto01,Thomas Meschery,F,78,215
miasest01,Stanley Miasek,C-F,77,205
mikaned01,Edward Mikan,C-F,80,230
milesed01,Edward Miles,G-F,76,195
milleed01,Edwin Miller,C-F,80,225
millemi01,Michael Miller,F,80,211
millsch01,Christopher Mills,F,78,215
mitchmi01,Michael Mitchell,F,79,215
mixst01,Steven Mix,F,79,215
monroea01,Vernon Monroe,G,75,185
moorege01,Eugene Moore,C-F,81,225
moorejo01,John Moore,G,73,175
morelja01,Jack Moreland,F-G,79,215
morrima01,Glen Morris,F-C,73,195
mountri01,Richard Mount,G,75,175
mullije01,Jeffrey Mullins,G-F,76,190
mustaje01,Terrah Mustaf,F-C,82,238
nagyfr01,Frederick Nagy,G-F,73.5,170
nashst01,Stephen Nash,G,75,195
nealyed01,Eddie Nealy,F,79,238
nelsolo01,Louis Nelson,G,75,190
netolbo01,Robert Netolicky,F-C,81,220
newlimi01,Michael Newlin,G-F,76,200
newmajo01,John Newman,F-G,79,190
niemari01,Richard Niemann,C,84,245
nixonno01,Norman Nixon,G,74,170
nordmbe01,Robert Nordmann,C,82,225
normake01,Kenneth Norman,F,80,215
noszkst01,Stanley Noszka,G,73,185
nowelme01,Melvyn Nowell,G,74,170
obrieji01,James OBrien,G,73,170
ohldo01,Donald Ohl,G,75,190
okeefdi01,Richard OKeefe,G-F,74,170
olsenbu01,Enoch Olsen,F-C,80,215
osterwa01,Walter Osterkorn,F-C,76.5,205
outlabo01,Charles Outlaw,F-C,80,210
owensre01,James Owens,G-F,75,185
pachuza01,Zaur Pachulia,F-C,83,240
palmebu01,John Palmer,F-C,76,180
parhaea01,Estes Parham,F-G,75,200
parkeso01,Robert Parker,F-G,78,200
parkme01,Medford Park,G-F,74,200
pattest01,Steven Patterson,C,81,225
paulkch01,Charles Paulk,F-C,79,211
pavloal01,Aleksandar Pavlovic,F,79,210
paxsoji02,James Paxson,G-F,78,200
payneke01,Kenneth Payne,F-G,80,195
pelkija01,John Pelkington,C-F,78,220
perduwi01,William Perdue,C,84,240
perryti01,Timothy Perry,F-C,81,200
peterji01,James Petersen,F-C,82,235
petrige01,Geoffrey Petrie,G,76,190
phelpmi01,Michael Phelps,G,76,180
piatkwa01,Walter Piatkowski,F,80,220
piontda01,David Piontek,F-C,77.5,230
pollaji01,James Pollard,F-C-G,75.5,185
poquebe01,Benedict Poquette,F-C,81,235
powelci01,Cincinnatus Powell,F-C,79,220
pricebr01,Hartley Price,G,73,165
pricema01,William Price,G,72,170
profila01,Bronta Profit,G-F,76,204
quickbo01,Robert Quick,F-G,77,215
rackllu01,Luther Rackley,C,82,220
rambiku01,Darrell Rambis,F,80,213
rascobo01,Robert Rascoe,G-F,76,205
ratlith01,Theophalus Ratliff,F-C,82,225
raylji01,James Rayl,G,74,175
reedhu01,Hubert Reed,C-F,81,215
reganri01,Richard Regan,G,74,180
reisech01,Joseph Reiser,G-F,71,165
richapo01,Jerome Richardson,G,73,180
rickedi01,Richard Ricketts,F-C,79,215
riebeme01,Melvin Riebe,G-F,71,180
rileyro01,Ronald Riley,F,80,195
risenar01,Arnold Risen,C-F,81,200
riverdo01,Glenn Rivers,G,76,185
roberbi01,William Roberts,C,80,195
roberjo01,Joseph Roberts,F,78,214
robeyri01,Frederick Robey,C-F,82,230
robinna01,Nathaniel Robinson,G,69,180
robinsa01,Samuel Robinson,F,79,190
robisda01,David Robisch,C-F,82,235
rollike01,Kenneth Rollins,G,72,168
rollitr01,Wayne Rollins,C,85,235
rottnmi01,Marvin Rottner,G,70,177
rouxgi01,Gifford Roux,F-C,77,195
ruklijo01,Joseph Ruklick,F-C,81,220
rulebo01,Bobby Rule,C-F,81,220
russeca02,Michael Russell,F,80,215
sailoke01,Kenneth Sailors,G,70,175
sandeto01,Thomas Sanders,F,78,210
saulpe01,Frank Saul,G-F,74,185
schaebi01,William Schaeffer,F,77,200
schaufr01,Frederick Schaus,F,76,205
schaydo01,Adolph Schayes,F-C,79,195
schnidi01,Richard Schnittker,F,77,200
schoomi01,Milton Schoon,C,79,230
schulho01,Howard Schultz,C-F,78,200
scottra01,John Scott,F-C,81,215
seewa01,Marshall See,G,75,190
sellebr01,Bradley Sellers,C-F,84,210
selvyfr01,Franklin Selvy,G-F,74.5,180
shannho01,Howard Shannon,G-F,73,175
sharmbi01,William Sharman,G,73,175
shippch01,Charles Shipp,G-F,73,200
sidledo01,Donald Sidle,F-C,80,215
simonwa01,Walter Simon,F-G,78,200
skinnal01,Albert Skinner,G,75,190
skoogwh01,Myer Skoog,G,71,180
sloanje01,Gerald Sloan,G-F,77,195
smithal01,Alan Smith,G,73,185
smithdo03,Douglas Smith,F,82,220
smithjo02,Joseph Smith,F,82,225
smithke01,Kenneth Smith,G,75,170
smithra01,Randolph Smith,G-F,75,160
smithto02,Charles Smith,G,75,185
snydedi01,Richard Snyder,G-F,77,205
sobiero01,Ronald Sobie,G,75,185
solomwi01,William Solomon,G,73,185
sorenda01,David Sorenson,F,79,225
spearod01,Marion Spears,G,76.5,205
spoelar01,Arthur Spoelstra,C,81,220
stallda01,David Stallworth,F-C,79,200
steppbr01,Michael Steppe,G-F,77,190
stojape01,Predrag Stojakovic,F-G,81,220
stoudsa01,Charles Stoudamire,G,73,179
stricro02,Rodney Strickland,G,75,175
stutzst01,Stanley Stutz,G-F,70,170
suttogr01,Gregory Sutton,G,74,170
swiftsk01,Harley Swift,G,75,204
tatumea01,William Tatum,G-F,76.5,185
taylool01,Oliver Taylor,G-F,74,194
thackto01,Thomas Thacker,G-F,74,170
thomaji01,James Thomas,G,74,190
thomaro01,Ronald Thomas,F,78,215
thompbi01,William Thompson,F,79,195
thornbo01,Robert Thornton,F-C,82,225
thurmna01,Nathaniel Thurmond,C-F,83,225
todormi01,Marko Todorovich,F-C,77,205
tolbeto01,Byron Tolbert,F-C,79,235
toomaja01,John Toomay,C-F,78,215
tormoge01,Eugene Tormohlen,C-F,80,220
toughbo01,Robert Tough,G-F,72,185
triptdi01,Richard Triptow,G-F,72,170
tsakaja01,Iakovos Tsakalidis,C,86,283
tuckeal01,Albert Tucker,F,80,190
turkohe01,Hidayet Turkoglu,G-F,80,202
turnehe01,Herschell Turner,G,74,195
turpime01,Melvin Turpin,C,83,240
tyrach01,Charles Tyra,C-F,80,230
unselwe01,Westley Unseld,C-F,79,245
vanarto01,Thomas Van Arsdale,F-G,77,200
vancege01,Ellis Vance,G-F,75,194
vandeki01,Ernest Vandeweghe,F,80,220
vanlino01,Norman Van Lier,G,73,173
vergabo01,Robert Verga,G,72,180
vincesa01,James Vincent,G,74,185
voskuja01,Robert Voskuhl,C,83,245
vrankst01,Stojan Vrankovic,C,86,260
wafervo01,Vakeaton Wafer,G,77,210
wagneda01,Daniel Wagner,G,72,170
walkefo01,Clarence Walker,G,72,170
walkeke01,Kenneth Walker,F,80,210
walljo01,Johnathan Wall,G,76,195
wanzebo01,Robert Wanzer,G,72,170
warlibo01,Robert Warlick,G-F,77,200
washibo01,Robert Washington,G,71,175
washipe01,Dwayne Washington,G,74,190
wattssl01,Donald Watts,G,73,175
webbsp01,Anthony Webb,G,66,130
wellsbo01,Gawen Wells,G-F,77,210
wennibi01,William Wennington,C,84,245
westdo01,Jeffery West,G-F,78,200
whitejo01,Joseph White,G,75,190
whitnch01,Christopher Whitney,G,72,168
wileyge01,Eugene Wiley,C,82,210
wilkele01,Leonard Wilkens,G,73,180
wilkied01,Eddie Wilkins,F-C,82,220
wilksmi01,Michael Wilks,G,70,180
willibe01,Bernard Williams,G,75,175
willich02,Edward Williams,G,74,175
williho01,John Williams,F-C,83,215
willimi02,Micheal Williams,G,74,175
willina01,Nathaniel Williams,F-G,76,215
williro01,Ronald Williams,G,75,188
willisa02,Samuel Williams,F,80,210
williwa02,Walter Williams,F-G,80,219
wilsobo03,Robert Wilson,G,74.5,175
winfile01,Leroy Winfield,G,74,174
wohlda01,David Wohl,G,74,185
woodal01,Martin Wood,G-F,78,193
woodsmi01,Michael Woodson,G-F,77,195
workmto01,Thomas Workman,F-C,79,218
wrighle01,James Wright,F,81,215
zawolze01,Robert Zawoluk,F-C,79,215
zunicma01,Matthew Zunic,G-F,75,195
anderda03,David Andersen,C,83,245
anthojo01,Joel Anthony,C,81,245
barnhle01,Leo Barnhorst,F-G,76,190
bayleje01,Jerryd Bayless,G,75,200
beaubro01,Rodrigue Beaubois,G,72,170
birchpa01,Paul Birch,F-G-C,73,190
breweco01,Corey Brewer,G-F,81,185
budinch01,Chase Budinger,G-F,79,218
carrode01,DeMarre Carroll,F,80,212
chandwi01,Wilson Chandler,F,80,220
collida01,Darren Collison,G,72,160
crittja01,Javaris Crittenton,G,77,198
currymi01,Michael Curry,F-G,77,210
dayeau01,Austin Daye,F,82,200
diopde01,Desagana Diop,C,84,280
douglto01,Toney Douglas,G,74,190
dudleja01,Jared Dudley,G-F,79,225
ellinwa01,Wayne Ellington,G,76,200
fesenky01,Kyrylo Fesenko,C,84,235
foyera01,Randy Foye,G,76,210
gainesu01,Sundiata Gaines,G,73,195
gibsota01,Taj Gibson,F,81,225
gortama01,Marcin Gortat,F-C,83,240
greendo01,Donte Greene,F,83,226
haddaha01,Hamed Haddadi,C,86,254
hawessp01,Spencer Hawes,C,84,244
hillge01,George Hill,G,74,180
hinriki01,Kirk Hinrich,G,75,190
jacksda01,Darnell Jackson,F,81,253
jennibr01,Brandon Jennings,G,73,169
johnsja01,James Johnson,F,81,245
lawac01,Acie Law,G,75,195
lopezbr01,Brook Lopez,C,84,260
loveke01,Kevin Love,F,82,260
martica01,Cartier Martin,F,79,220
maughar01,Ariel Maughan,F,76,190
mcgeeja01,JaVale McGee,C-F,84,237
meeksjo01,Jodie Meeks,G,76,208
moonja01,Jamario Moon,F,80,205
nachbbo01,Bostjan Nachbar,F,81,221
noelpa01,Paul Noel,F,76,185
poweljo01,Josh Powell,F,81,225
robined01,Eddie Robinson,G-F,80,204
sallejo01,John Salley,F-C,83,230
smithja01,Jabari Smith,C,83,240
speigma01,Marreese Speights,C,82,245
thabeha01,Hasheem Thabeet,C,87,267
thornal01,Al Thornton,F,79,220
tollian01,Anthony Tolliver,C,80,240
westbru01,Russell Westbrook,G,75,187
willide01,Deron Williams,G,75,210
willise01,Sean Williams,F-C,82,235
wrighbr03,Brandan Wright,F,81,205
youngth01,Thaddeus Young,F,80,220
artesro01,Metta World Peace,G-F,78,244
bareajo01,Jose Barea Mora,G,71,175
brockjo01,Jonathan Brockman,F,79,255
caldejo01,Jose Calderon Borrallo,G,75,210
chrisca01,Calvin Christensen,F-C,77,210
crawffr01,Frederick Crawford,G-F,76,189
diawbo01,Boris Diaw-Riffiod,G-F,80,203
fernaru01,Rudolfo Fernandez Farres,G-F,78,185
gasolma01,Marc Gasol Saez,C,85,265
gillihe01,Herman Gilliam,G-F,75,185
greenje02,Jeffrey Green,F,81,228
herrmwa01,Walter Herrmann Heinrich,F-C,81,225
hilarne01,Nene,F-C,83,260
ibakase01,Sergeballu Ibaka,F,82,235
jianlyi01,Jianlian Yi,F,83,238
kerrjo01,John Kerr,C-F,81,230
koufoko01,Kostantine Koufos,C,84,265
lawsoty01,Tywon Lawson,G,71,195
lopezra01,Raul Lopez Molist,G,72,180
mayooj01,Ovinton Mayo,G,76,210
mcrobjo01,Joshua McRoberts,F,82,240
novakst01,Steven Novak,F,82,220
putnado01,James Putman,G,72,160
sadowed01,Edward Sadowski,C,77,240
scolalu01,Luis Scola Balvoa,F,81,245
splitti01,Tiago Splitter Beims,F,83,232
sueseke01,Kenneth Suesens,G,73,175
teaguje01,Jeffrey Teague,G,74,180
walkebi01,William Walker,G-F,78,220
warlebe01,Benjamin Warley,F-G,77,200
weemsso01,Clarence Weems,G-F,78,203
wilfowi01,Alva Wilfong,G-F,74,185
youngsa01,Samuel Young,G-F,78,220
berryco01,Connie Berry,F-C,75,200
bolyabu01,Marvin Bolyard,G,71,185
bushje01,Gerard Bush,F-C,75,200
camicjo01,Joe Camic,F-C,76.5,195
colemki01,Kelly Coleman,G-F,75,215
dancked01,Edward Dancker,C-F,79,200
edwarco02,Leroy Edwards,C-F,76,200
harrilu02,Luther Harris,F-G,75,195
homerji01,James Homer,F-C-G,77,220
kaisero01,Roger Kaiser,G,72.5,190
lewined01,Edmund Lewinski,F-C-G,76,210
mcderbo01,Robert McDermott,G,71,180
mcgowvi01,Vince McGowan,C-F,78,208
pruitge01,George Pruitt,F,73,198
rivliju01,Jule Rivlin,G,71,160
sharkst01,Stephen Sharkey,G-F,72,190
sokodpa01,Paul Sokody,F,74,170
tayloro02,Roger Taylor,G,72,175
vaughgo01,Govoner Vaughn,F-G,76,180
witashe01,Herman Witasek,G-F,74,210
devetru01,Russell DeVette,F,77,190
adubari01,Richie Adubato,,0,0
anderla01,LaDell Andersen,,0,0
auerbre01,Red Auerbach,,70,170
badgeed01,Ed Badger,,0,0
barrito01,Tom Barrise,,0,0
beecl01,Clair Bee,,0,0
benneca01,Carl Bennett,,0,0
bertkbi01,Bill Bertka,,0,0
binstma01,Mark Binstein,,0,0
blakebi01,Bill Blakely,,0,0
bowerje01,Jeff Bower,,0,0
broveji01,Jim Brovelli,,0,0
brownhe01,Herb Brown,,0,0
brownmi02,Mike Brown,,75,200
buckwbu01,Bucky Buckwalter,,0,0
calipjo01,John Calipari,,0,0
carlepj01,PJ Carlesimo,,0,0
carrojo02,John Carroll,,0,0
caseydw01,Dwane Casey,,0,0
cazzevi01,Vince Cazzetta,,0,0
cliffro01,Roy Clifford,,0,0
colanje01,Jerry Colangelo,,0,0
dalych01,Chuck Daly,,74,180
dileoto01,Tony DiLeo,,0,0
duffeik01,Ike Duffey,,0,0
fitchbi01,Bill Fitch,,74,205
floydti01,Tim Floyd,,0,0
fratemi01,Mike Fratello,,67,150
gentral01,Alvin Gentry,,0,0
gregoed01,Ed Gregory,,0,0
hamille01,Leonard Hamilton,,0,0
harride02,Del Harris,,76,205
hartedi01,Dick Harter,,0,0
haymale01,Lew Hayman,,0,0
hillbr01,Brian Hill,,69,175
inmanst01,Stu Inman,,0,0
juliaal01,Alvin Julian,,0,0
krugelo01,Lon Kruger,,0,0
lapchjo01,Joe Lapchick,,77,185
locketa01,Tates Locke,,0,0
lynamji01,Jim Lynam,,0,0
maclejo01,John MacLeod,,72,170
mccarba01,Babe McCarthy,,0,0
mchonmo01,Morris McHone,,0,0
mclenjo01,John McLendon,,0,0
montgmi01,Mike Montgomery,,0,0
mottadi01,Dick Motta,,70,170
musseer01,Eric Musselman,,0,0
nissato01,Tom Nissalke,,0,0
olsenha01,Harold Olsen,,0,0
pfundra01,Randy Pfund,,0,0
popovgr01,Gregg Popovich,,0,0
ramsaja01,Jack Ramsay,,73,180
robersc01,Scotty Robertson,,0,0
rodgeji01,Jimmy Rodgers,,0,0
rothsro01,Ron Rothstein,,0,0
russejo01,John Russell,,0,0
saundfl01,Flip Saunders,,71,175
shiplbe01,Beryl Shipley,,0,0
spoeler01,Erik Spoelstra,,0,0
staakbo01,Bob Staak,,0,0
stottte01,Terry Stotts,,0,0
tarkaje01,Jerry Tarkanian,,0,0
toddji01,Jim Todd,,0,0
vanguje01,Jeff Van Gundy,,69,150
versadi01,Dick Versace,,0,0
vogelfr01,Frank Vogel,,0,0
westhpa01,Paul Westhead,,0,0
wintete01,Tex Winter,,0,0
youngdr01,Draff Young,,0,0
mooredo01,John Moore,,0,0
joneswa03,Wally Jones,,0,0
robiner01,Ermer Robinson,,NaN,NaN
hyattch01,Charles Hyatt,,71,NaN
rosegl01,Glen Rose,,NaN,NaN
glammge01,George Glammack,,NaN,NaN
koliswa01,Walt Kolish,,NaN,NaN
